dien_tich,quan,phuong,so_phong_ngu,so_phong_tam,so_tang,huong_nha,nam_xay_dung,mat_tien,khoang_cach_trung_tam,phap_ly,gia,do_rong_hem,vi_tri_hem,do_rong_duong_chinh,co_oto_vao_hem,khoang_cach_ra_duong_chinh
83,Thủ Đức,Linh Tây,1,1,1,Tây Nam,2015,0,5.1,Đang chờ sổ,8.66,2.5,Hẻm thông,9.4,0,131.0
89,Thủ Đức,Linh Tây,3,3,2,Tây Bắc,2022,0,9.7,Sổ hồng,10.74,6.0,Hẻm thông,15.8,1,149.0
100,Quận 4,Tân Thuận Đông,3,3,2,Tây Bắc,2023,0,3.5,Đang chờ sổ,16.34,3.0,Hẻm cụt,8.9,0,102.0
86,Gò Vấp,4,3,3,3,Tây,2011,0,7.7,Giấy tờ tay,11.29,2.5,Hẻm thông,9.1,0,137.0
52,Quận 7,Tân Phú,3,2,2,Đông,1997,0,3.3,Giấy tờ tay,10.4,4.0,Hẻm cụt,6.5,1,105.0
59,Bình Chánh,6,1,1,1,Đông,2006,0,12.4,Đang chờ sổ,2.51,3.5,Hẻm thông,12.9,1,138.0
104,Gò Vấp,8,3,2,2,Bắc,2014,0,7.4,Sổ hồng,18.87,3.5,Hẻm thông,9.8,1,31.0
114,Quận 7,Tân Phú,1,1,3,Tây Nam,2021,0,6.7,Sổ đỏ,21.26,3.0,Hẻm cụt,12.3,0,139.0
42,Tân Bình,1,4,2,3,Đông,2005,0,3.2,Sổ hồng,6.62,3.0,Hẻm cụt,10.3,0,98.0
45,Quận 4,Bình Thuận,1,1,3,Đông Tây,2017,0,0.6,Giấy tờ tay,7.09,2.5,Hẻm thông,11.8,0,30.0
57,Bình Thạnh,11,2,1,2,Tây,2001,0,6.0,Sổ hồng,7.98,2.0,Hẻm thông,7.6,0,162.0
62,Tân Bình,6,3,1,3,Bắc,1996,0,5.6,Sổ hồng,11.3,3.5,Hẻm cụt,13.3,1,23.0
41,Quận 1,Tân Định,4,3,1,Nam,1998,0,4.4,Sổ đỏ,17.55,5.0,Hẻm thông,6.9,1,145.0
98,Quận 1,Tân Định,4,3,2,Đông Tây,2014,0,1.4,Sổ hồng,30.4,3.5,Hẻm thông,12.9,1,19.0
79,Quận 3,10,2,2,2,Đông Nam,2004,0,5.3,Sổ đỏ,28.23,3.0,Hẻm cụt,14.2,0,166.0
81,Tân Bình,11,4,3,1,Tây,2014,0,11.1,Sổ đỏ,11.71,3.0,Hẻm thông,10.1,0,41.0
71,Phú Nhuận,6,3,1,3,Đông Nam,2004,0,4.5,Sổ đỏ,10.34,2.0,Hẻm thông,15.2,0,130.0
27,Quận 1,Tân Định,2,2,2,Tây Nam,2004,0,4.2,Đang chờ sổ,11.44,5.0,Hẻm cụt,6.6,1,46.0
50,Phú Nhuận,13,3,3,3,Đông,2013,0,4.4,Sổ hồng,10.66,5.0,Hẻm cụt,10.5,1,148.0
36,Quận 5,1,3,1,1,Tây Bắc,2013,0,4.6,Giấy tờ tay,6.75,5.0,Hẻm cụt,8.2,1,13.0
71,Quận 3,14,2,1,3,Tây Nam,1995,0,2.3,Giấy tờ tay,22.83,4.0,Hẻm thông,13.1,1,132.0
95,Quận 3,14,4,2,2,Nam,2000,0,7.6,Sổ hồng,47.77,6.0,Hẻm thông,11.4,1,29.0
67,Quận 1,Bến Thành,3,1,2,Đông Nam,2017,0,6.3,Giấy tờ tay,25.37,2.5,Hẻm cụt,8.0,0,83.0
118,Quận 10,15,2,2,3,Đông Bắc,2009,0,7.4,Sổ đỏ,21.56,3.0,Hẻm thông,7.3,0,170.0
98,Quận 12,11,1,1,1,Đông Nam,2014,0,8.6,Sổ hồng,4.67,2.0,Hẻm thông,13.8,0,189.0
56,Quận 3,10,4,1,3,Đông Nam,2024,0,1.6,Sổ đỏ,14.46,3.0,Hẻm thông,9.5,0,26.0
95,Bình Chánh,6,3,2,3,Tây,2002,0,14.1,Sổ hồng,3.93,3.5,Hẻm thông,7.3,1,172.0
114,Gò Vấp,13,2,2,1,Nam,2015,0,10.7,Sổ hồng,12.72,3.5,Hẻm thông,6.2,1,27.0
35,Quận 7,Tân Quy,2,1,3,Đông Bắc,2005,0,12.5,Đang chờ sổ,8.05,3.5,Hẻm thông,9.6,1,42.0
41,Quận 1,Bến Thành,3,1,3,Đông Tây,2002,0,2.2,Sổ hồng,18.8,4.0,Hẻm thông,14.0,1,153.0
54,Phú Nhuận,6,2,1,3,Đông,1998,0,1.8,Giấy tờ tay,9.73,3.0,Hẻm thông,10.5,0,100.0
39,Quận 10,3,4,2,2,Tây Bắc,2008,0,11.0,Sổ đỏ,6.22,3.5,Hẻm cụt,13.8,1,174.0
34,Quận 4,Tân Thuận Tây,2,2,1,Đông Nam,2007,0,6.3,Sổ hồng,4.46,4.0,Hẻm thông,9.6,1,140.0
97,Quận 7,Tân Hưng,3,2,3,Tây Nam,2010,0,12.2,Sổ hồng,15.5,2.0,Hẻm thông,15.3,0,169.0
68,Quận 7,Phú Thuận,4,3,3,Đông Nam,2003,0,10.8,Sổ đỏ,9.4,3.0,Hẻm cụt,10.1,0,76.0
68,Quận 7,Tân Phú,1,1,3,Bắc,1997,0,11.2,Sổ hồng,12.79,2.5,Hẻm thông,12.7,0,38.0
70,Tân Bình,7,1,1,3,Tây,2024,0,6.1,Sổ đỏ,13.56,6.0,Hẻm thông,9.0,1,93.0
52,Quận 12,10,4,2,1,Đông Tây,1998,0,7.7,Giấy tờ tay,3.31,6.0,Hẻm thông,8.4,1,59.0
31,Quận 3,14,1,1,2,Tây Nam,2025,0,3.4,Giấy tờ tay,14.07,6.0,Hẻm thông,14.2,1,147.0
62,Bình Chánh,10,2,2,2,Tây Bắc,1997,0,19.2,Giấy tờ tay,1.96,2.5,Hẻm cụt,9.6,0,170.0
83,Quận 1,Tân Định,3,1,3,Tây Bắc,2001,0,6.7,Đang chờ sổ,27.93,3.0,Hẻm thông,14.1,0,139.0
31,Quận 3,13,2,2,1,Đông Tây,2022,0,9.0,Sổ hồng,9.6,3.5,Hẻm cụt,14.0,1,154.0
95,Quận 12,2,1,1,3,Đông,2002,0,10.2,Sổ đỏ,3.77,2.0,Hẻm cụt,7.7,0,43.0
80,Quận 4,Tân Hưng,1,1,3,Bắc,2008,0,7.9,Sổ hồng,11.37,4.0,Hẻm thông,13.6,1,84.0
60,Nhà Bè,6,3,3,1,Nam,2011,0,9.6,Giấy tờ tay,2.36,2.0,Hẻm thông,11.8,0,194.0
44,Thủ Đức,Linh Chiểu,4,2,1,Đông Bắc,2011,0,8.1,Sổ đỏ,4.58,3.5,Hẻm thông,9.1,1,106.0
63,Tân Bình,8,4,2,2,Tây Bắc,2000,0,3.5,Đang chờ sổ,8.64,2.0,Hẻm thông,15.2,0,138.0
103,Quận 7,Tân Quy,1,1,1,Đông Nam,2018,0,10.1,Sổ hồng,21.0,3.5,Hẻm cụt,13.2,1,12.0
55,Nhà Bè,8,1,1,3,Nam,1996,0,9.4,Sổ hồng,3.08,4.0,Hẻm thông,14.3,1,17.0
60,Phú Nhuận,1,2,1,3,Tây Bắc,2009,0,9.7,Giấy tờ tay,12.95,5.0,Hẻm cụt,15.6,1,96.0
71,Quận 1,Bến Thành,2,1,2,Đông Nam,1996,0,3.4,Đang chờ sổ,32.85,3.5,Hẻm thông,9.2,1,143.0
25,Quận 5,11,2,2,3,Đông,2013,0,4.2,Sổ đỏ,3.6,4.0,Hẻm cụt,10.2,1,37.0
76,Quận 5,14,3,2,1,Tây Nam,2013,0,4.9,Sổ hồng,8.11,3.0,Hẻm cụt,6.2,0,189.0
61,Thủ Đức,Hiệp Bình Chánh,1,1,2,Bắc,2023,0,10.2,Giấy tờ tay,6.01,2.0,Hẻm thông,13.8,0,42.0
57,Quận 3,13,3,1,1,Tây Nam,1995,0,4.5,Đang chờ sổ,20.75,6.0,Hẻm thông,7.2,1,14.0
87,Bình Tân,11,1,1,2,Tây Bắc,2002,0,11.0,Sổ hồng,9.31,3.5,Hẻm thông,9.5,1,109.0
118,Quận 5,4,1,1,1,Bắc,1999,0,4.0,Sổ đỏ,13.87,5.0,Hẻm thông,12.0,1,143.0
58,Bình Tân,6,1,1,1,Bắc,2020,0,11.2,Sổ hồng,5.6,3.5,Hẻm cụt,9.2,1,197.0
104,Quận 10,13,4,2,1,Đông Bắc,2004,0,7.4,Sổ hồng,19.28,5.0,Hẻm thông,15.9,1,186.0
44,Quận 1,Bến Nghé,3,1,1,Đông Bắc,2000,0,6.8,Đang chờ sổ,14.37,2.0,Hẻm thông,10.6,0,111.0
35,Tân Bình,2,3,3,2,Bắc,2014,0,11.8,Sổ hồng,4.99,2.5,Hẻm thông,8.4,0,71.0
78,Quận 7,Bình Thuận,1,1,1,Tây Bắc,2006,0,10.7,Giấy tờ tay,17.31,4.0,Hẻm thông,10.9,1,170.0
76,Bình Thạnh,19,1,1,3,Tây,2015,0,4.6,Sổ hồng,10.43,2.0,Hẻm thông,12.0,0,123.0
118,Phú Nhuận,10,2,1,2,Đông Bắc,2004,0,6.7,Sổ đỏ,24.08,3.0,Hẻm thông,15.0,0,94.0
27,Bình Tân,2,3,1,3,Đông Bắc,2013,0,13.6,Sổ hồng,3.04,5.0,Hẻm cụt,14.0,1,173.0
82,Thủ Đức,Linh Đông,4,2,2,Nam,2011,0,6.4,Sổ đỏ,9.62,6.0,Hẻm thông,15.7,1,137.0
52,Quận 7,Tân Mỹ,1,1,3,Đông Bắc,2006,0,11.7,Sổ hồng,8.48,2.0,Hẻm thông,10.7,0,23.0
28,Tân Phú,2,4,3,3,Tây Bắc,1996,0,8.2,Sổ hồng,3.06,5.0,Hẻm thông,11.0,1,13.0
37,Bình Thạnh,17,1,1,2,Đông Tây,2018,0,7.0,Sổ hồng,4.18,2.5,Hẻm thông,12.2,0,135.0
44,Tân Phú,12,4,2,1,Đông Nam,2000,0,7.9,Đang chờ sổ,4.99,5.0,Hẻm thông,11.6,1,65.0
52,Bình Thạnh,5,3,3,3,Tây Bắc,2008,0,3.2,Đang chờ sổ,8.41,6.0,Hẻm cụt,14.6,1,151.0
95,Tân Bình,1,2,1,1,Tây,2010,0,7.1,Sổ đỏ,11.93,2.5,Hẻm cụt,6.1,0,25.0
93,Bình Thạnh,9,3,3,3,Nam,1997,0,8.7,Sổ hồng,10.91,2.5,Hẻm cụt,11.8,0,172.0
27,Nhà Bè,9,1,1,2,Tây Nam,2007,0,17.8,Sổ hồng,1.36,2.5,Hẻm thông,6.1,0,120.0
61,Gò Vấp,5,1,1,1,Tây Bắc,2014,0,7.7,Sổ đỏ,6.28,3.0,Hẻm cụt,13.5,0,140.0
87,Phú Nhuận,1,1,1,3,Đông Tây,2013,0,2.7,Sổ hồng,17.88,4.0,Hẻm cụt,15.7,1,110.0
54,Quận 3,9,1,1,1,Nam,2014,0,-0.3,Sổ đỏ,23.61,6.0,Hẻm thông,12.6,1,52.0
80,Bình Chánh,11,3,2,2,Tây Bắc,2011,0,11.4,Giấy tờ tay,3.12,3.5,Hẻm thông,11.7,1,150.0
48,Quận 7,Phú Thuận,1,1,2,Tây Bắc,2004,0,10.8,Sổ hồng,8.37,2.0,Hẻm thông,14.5,0,143.0
44,Gò Vấp,3,4,3,1,Nam,1997,0,12.0,Sổ hồng,4.95,3.0,Hẻm thông,11.3,0,192.0
61,Nhà Bè,2,1,1,1,Đông Tây,2025,0,10.6,Sổ hồng,2.5,2.0,Hẻm thông,8.1,0,162.0
114,Thủ Đức,Tam Phú,1,1,1,Bắc,1997,0,13.6,Giấy tờ tay,13.43,2.0,Hẻm thông,7.5,0,110.0
67,Quận 1,Bến Nghé,2,1,3,Tây Bắc,2025,0,7.1,Sổ đỏ,18.46,2.0,Hẻm thông,14.6,0,116.0
65,Tân Phú,3,3,3,1,Đông Bắc,2013,0,5.9,Giấy tờ tay,7.74,3.5,Hẻm thông,8.7,1,88.0
111,Quận 3,9,2,2,1,Đông Tây,1997,0,1.0,Sổ đỏ,28.39,3.5,Hẻm thông,9.8,1,144.0
43,Nhà Bè,1,3,2,2,Đông Tây,2010,0,9.4,Sổ hồng,1.31,2.5,Hẻm cụt,6.0,0,117.0
102,Gò Vấp,17,3,2,2,Bắc,1999,0,10.1,Sổ hồng,13.95,4.0,Hẻm thông,11.2,1,75.0
52,Quận 10,5,1,1,3,Tây Bắc,1996,0,9.5,Sổ hồng,11.16,2.0,Hẻm thông,11.2,0,16.0
100,Tân Bình,12,2,2,2,Đông Nam,2014,0,2.5,Đang chờ sổ,12.16,3.0,Hẻm thông,12.3,0,94.0
65,Quận 3,Võ Thị Sáu,4,1,2,Đông,2017,0,4.1,Sổ đỏ,25.51,3.5,Hẻm cụt,12.0,1,10.0
109,Phú Nhuận,13,2,1,2,Đông Tây,2019,0,0.9,Sổ đỏ,16.76,2.5,Hẻm thông,6.0,0,104.0
63,Quận 1,Cầu Ông Lãnh,3,2,2,Đông Nam,2008,0,7.9,Sổ hồng,35.59,5.0,Hẻm thông,14.6,1,129.0
32,Thủ Đức,Hiệp Bình Phước,2,1,3,Đông Tây,2010,0,12.6,Đang chờ sổ,5.03,3.5,Hẻm thông,10.3,1,175.0
119,Gò Vấp,4,3,2,1,Tây,2004,0,7.4,Giấy tờ tay,14.9,2.0,Hẻm thông,12.1,0,78.0
42,Phú Nhuận,3,2,1,3,Đông Nam,2020,0,5.6,Đang chờ sổ,6.32,4.0,Hẻm cụt,8.9,1,33.0
109,Quận 4,Tân Thuận Đông,4,3,3,Nam,2018,0,8.4,Sổ hồng,19.72,5.0,Hẻm cụt,15.9,1,194.0
119,Quận 4,Bình Thuận,3,1,3,Đông Nam,2023,0,5.0,Sổ hồng,15.33,2.5,Hẻm cụt,11.1,0,90.0
110,Bình Tân,1,3,3,2,Đông Nam,2005,0,9.3,Sổ đỏ,13.48,5.0,Hẻm thông,10.0,1,102.0
58,Thủ Đức,Hiệp Bình Chánh,2,2,3,Đông Bắc,2019,0,7.4,Sổ đỏ,5.31,2.0,Hẻm thông,8.1,0,152.0
36,Quận 1,Cầu Kho,2,1,1,Tây Bắc,2018,0,1.1,Sổ đỏ,12.68,3.5,Hẻm thông,12.2,1,61.0
102,Gò Vấp,3,3,2,3,Tây Nam,2008,0,8.7,Sổ đỏ,15.05,3.5,Hẻm thông,15.3,1,76.0
35,Quận 12,8,2,2,3,Tây,2003,0,14.6,Sổ hồng,1.98,2.5,Hẻm thông,10.6,0,188.0
46,Tân Phú,4,1,1,2,Tây Bắc,2018,0,10.1,Giấy tờ tay,4.64,3.0,Hẻm thông,15.3,0,38.0
78,Quận 5,11,2,1,3,Bắc,2011,0,2.7,Sổ hồng,11.4,6.0,Hẻm thông,7.4,1,169.0
42,Nhà Bè,2,2,2,3,Đông Bắc,2000,0,17.9,Giấy tờ tay,2.03,2.5,Hẻm thông,8.6,0,60.0
74,Phú Nhuận,12,2,1,2,Đông Bắc,2007,0,6.5,Sổ đỏ,14.02,2.0,Hẻm thông,11.1,0,78.0
63,Phú Nhuận,6,1,1,1,Đông,1996,0,9.1,Sổ hồng,12.56,5.0,Hẻm thông,9.6,1,140.0
117,Quận 1,Đa Kao,1,1,1,Nam,2004,0,0.6,Đang chờ sổ,42.26,6.0,Hẻm thông,7.2,1,197.0
75,Quận 1,Cầu Kho,2,1,3,Bắc,1995,0,0.6,Sổ hồng,20.06,2.0,Hẻm cụt,13.5,0,116.0
84,Thủ Đức,Hiệp Bình Phước,3,3,2,Tây Bắc,2001,0,5.7,Sổ đỏ,12.15,5.0,Hẻm thông,8.2,1,102.0
80,Bình Chánh,9,3,1,1,Tây Bắc,2005,0,13.3,Giấy tờ tay,3.63,3.5,Hẻm thông,7.4,1,54.0
43,Phú Nhuận,11,2,2,3,Tây Bắc,2022,0,8.0,Đang chờ sổ,9.17,5.0,Hẻm thông,9.3,1,114.0
49,Phú Nhuận,7,1,1,1,Bắc,2024,0,1.0,Sổ hồng,8.76,4.0,Hẻm thông,14.2,1,32.0
90,Quận 1,Tân Định,4,2,1,Đông Bắc,1996,0,-1.2,Sổ hồng,24.92,2.5,Hẻm cụt,14.3,0,64.0
44,Quận 4,Tân Thuận Tây,4,3,3,Đông,2002,0,0.4,Giấy tờ tay,7.43,6.0,Hẻm thông,6.8,1,162.0
118,Bình Tân,9,3,3,2,Nam,2012,0,11.0,Sổ hồng,9.45,3.0,Hẻm thông,8.4,0,136.0
105,Nhà Bè,3,3,1,2,Tây,2005,0,10.2,Sổ đỏ,4.1,5.0,Hẻm cụt,8.7,1,64.0
39,Tân Bình,13,4,3,3,Tây Bắc,2008,0,7.3,Sổ hồng,4.85,2.5,Hẻm thông,11.6,0,31.0
87,Quận 3,Phú Nhuận,2,2,2,Tây Nam,2020,0,5.3,Sổ hồng,41.51,6.0,Hẻm cụt,6.7,1,29.0
37,Bình Chánh,11,2,2,1,Nam,2010,0,19.0,Sổ đỏ,0.89,3.0,Hẻm thông,14.9,0,175.0
78,Bình Chánh,3,4,2,1,Đông,2011,0,19.5,Sổ đỏ,2.71,2.0,Hẻm cụt,8.2,0,55.0
56,Quận 5,3,2,2,2,Đông,2015,0,6.6,Sổ hồng,8.33,3.0,Hẻm thông,6.5,0,147.0
78,Thủ Đức,Linh Chiểu,1,1,1,Tây Nam,2008,0,12.1,Sổ hồng,10.1,6.0,Hẻm thông,11.1,1,134.0
37,Tân Bình,2,4,1,3,Đông,2002,0,2.6,Sổ hồng,6.4,3.5,Hẻm thông,10.5,1,131.0
28,Tân Bình,13,1,1,2,Đông Tây,2011,0,7.0,Sổ đỏ,5.37,5.0,Hẻm thông,11.5,1,69.0
95,Quận 1,Cầu Kho,2,2,2,Tây Nam,2008,0,7.8,Sổ hồng,43.34,3.5,Hẻm thông,11.9,1,92.0
39,Quận 4,Bình Thuận,3,2,1,Đông Tây,2010,0,9.6,Giấy tờ tay,5.77,4.0,Hẻm cụt,8.5,1,50.0
43,Quận 3,Võ Thị Sáu,2,1,2,Bắc,2009,0,8.4,Sổ hồng,13.71,4.0,Hẻm thông,6.9,1,52.0
86,Tân Bình,2,2,2,2,Tây,1998,0,8.7,Sổ hồng,14.02,5.0,Hẻm thông,6.3,1,27.0
109,Bình Chánh,1,2,2,3,Tây Bắc,2024,0,14.1,Sổ đỏ,3.76,6.0,Hẻm thông,15.2,1,161.0
49,Quận 4,Tân Kiểng,3,2,1,Tây Nam,2003,0,3.1,Giấy tờ tay,6.61,2.5,Hẻm thông,14.5,0,97.0
111,Nhà Bè,2,2,1,2,Tây Nam,2005,0,9.2,Sổ đỏ,4.84,5.0,Hẻm cụt,11.1,1,186.0
39,Nhà Bè,7,3,2,2,Tây Nam,2017,0,9.6,Sổ hồng,2.2,6.0,Hẻm cụt,10.1,1,125.0
115,Quận 3,9,4,2,3,Tây Bắc,2013,0,5.9,Giấy tờ tay,25.55,2.0,Hẻm cụt,6.1,0,96.0
115,Thủ Đức,Linh Trung,2,2,1,Tây,2005,0,8.8,Sổ hồng,13.66,2.5,Hẻm cụt,7.9,0,35.0
73,Bình Thạnh,15,3,1,3,Đông Tây,2015,0,7.7,Sổ hồng,10.05,3.5,Hẻm thông,12.6,1,17.0
28,Quận 1,Bến Thành,4,3,1,Đông Nam,2004,0,0.5,Sổ hồng,7.93,3.5,Hẻm cụt,13.2,1,195.0
56,Thủ Đức,Hiệp Bình Chánh,1,1,1,Bắc,2004,0,13.4,Đang chờ sổ,7.11,3.0,Hẻm thông,9.9,0,156.0
32,Phú Nhuận,2,4,2,1,Tây,2013,0,9.4,Đang chờ sổ,6.75,5.0,Hẻm thông,13.0,1,65.0
83,Bình Thạnh,17,4,1,3,Tây Nam,2010,0,5.0,Sổ hồng,12.46,6.0,Hẻm thông,15.1,1,103.0
66,Quận 1,Bến Thành,2,2,1,Nam,2000,0,5.2,Sổ đỏ,29.48,2.5,Hẻm cụt,15.2,0,163.0
56,Tân Phú,9,2,2,1,Tây Bắc,2017,0,11.7,Sổ đỏ,3.99,2.0,Hẻm cụt,13.1,0,136.0
32,Quận 1,Nguyễn Thái Bình,1,1,1,Đông Tây,2020,0,7.1,Sổ đỏ,11.51,2.0,Hẻm thông,7.5,0,171.0
76,Gò Vấp,5,3,2,3,Tây Bắc,2017,0,6.1,Đang chờ sổ,10.47,5.0,Hẻm thông,8.7,1,69.0
78,Tân Phú,14,3,3,2,Đông,2024,0,4.5,Sổ đỏ,6.93,4.0,Hẻm thông,12.8,1,152.0
47,Bình Thạnh,15,2,2,3,Đông Tây,2012,0,10.8,Sổ hồng,9.75,5.0,Hẻm cụt,13.8,1,38.0
91,Thủ Đức,Linh Trung,3,3,1,Tây Bắc,2017,0,8.2,Đang chờ sổ,10.32,5.0,Hẻm thông,13.7,1,173.0
112,Tân Phú,7,2,2,2,Đông Nam,2010,0,8.8,Sổ hồng,10.95,2.5,Hẻm cụt,11.7,0,84.0
46,Gò Vấp,17,2,2,1,Đông Nam,1998,0,10.4,Sổ hồng,6.03,3.0,Hẻm thông,10.4,0,99.0
52,Quận 3,10,2,2,2,Tây Bắc,2012,0,0.2,Đang chờ sổ,12.03,2.0,Hẻm thông,15.8,0,167.0
49,Nhà Bè,9,3,2,1,Nam,2008,0,16.4,Giấy tờ tay,2.16,4.0,Hẻm thông,12.0,1,136.0
25,Gò Vấp,3,3,3,2,Đông Nam,2024,0,3.9,Sổ hồng,3.03,2.5,Hẻm thông,9.0,0,161.0
93,Thủ Đức,Bình Chiểu,2,2,2,Tây Bắc,2000,0,5.6,Sổ hồng,12.66,2.5,Hẻm thông,11.0,0,25.0
88,Bình Tân,10,4,2,2,Tây Bắc,2024,0,8.0,Sổ hồng,7.47,3.5,Hẻm thông,11.6,1,100.0
49,Bình Tân,14,3,2,2,Tây,2021,0,11.6,Sổ hồng,4.99,2.5,Hẻm thông,15.8,0,100.0
60,Quận 3,12,2,1,2,Nam,1997,0,5.6,Sổ hồng,17.24,2.5,Hẻm thông,11.7,0,95.0
105,Thủ Đức,Trường Thọ,3,2,3,Đông Bắc,2023,0,5.8,Sổ hồng,11.78,3.0,Hẻm thông,14.7,0,74.0
86,Quận 4,Phú Thuận,4,1,3,Tây Bắc,2000,0,7.2,Sổ đỏ,9.5,2.5,Hẻm cụt,15.9,0,161.0
85,Quận 12,4,1,1,3,Đông Nam,2019,0,8.0,Sổ hồng,4.8,2.5,Hẻm thông,10.8,0,18.0
53,Bình Thạnh,7,2,1,2,Tây,1999,0,9.5,Giấy tờ tay,8.1,6.0,Hẻm cụt,8.6,1,41.0
118,Quận 3,12,4,1,2,Nam,2019,0,6.8,Sổ đỏ,49.43,4.0,Hẻm thông,13.7,1,55.0
110,Thủ Đức,Linh Trung,1,1,3,Đông,2008,0,11.5,Sổ hồng,13.44,2.0,Hẻm cụt,15.6,0,16.0
47,Quận 7,Tân Mỹ,1,1,3,Đông Bắc,2022,0,5.7,Sổ đỏ,10.97,6.0,Hẻm thông,6.9,1,168.0
54,Quận 12,1,3,1,2,Tây Bắc,2020,0,11.5,Sổ hồng,2.94,3.5,Hẻm cụt,7.6,1,56.0
101,Quận 4,Tân Kiểng,1,1,2,Đông Bắc,2020,0,3.8,Giấy tờ tay,14.24,4.0,Hẻm cụt,7.1,1,118.0
25,Thủ Đức,Hiệp Bình Phước,1,1,2,Tây Bắc,2004,0,6.1,Giấy tờ tay,2.85,6.0,Hẻm thông,8.1,1,156.0
119,Phú Nhuận,10,1,1,1,Nam,2019,0,7.8,Giấy tờ tay,16.86,2.0,Hẻm thông,7.1,0,177.0
30,Thủ Đức,Linh Tây,4,3,3,Đông,2011,0,8.6,Sổ hồng,3.7,5.0,Hẻm thông,15.7,1,111.0
30,Quận 3,Võ Thị Sáu,4,1,1,Đông Bắc,2025,0,1.3,Đang chờ sổ,8.03,2.5,Hẻm thông,8.9,0,121.0
84,Quận 7,Tân Hưng,2,2,1,Bắc,2000,0,6.6,Giấy tờ tay,16.09,2.5,Hẻm cụt,13.9,0,195.0
46,Gò Vấp,7,2,2,1,Tây,2023,0,6.0,Sổ hồng,7.01,2.0,Hẻm cụt,9.6,0,11.0
48,Quận 3,13,2,1,3,Tây Bắc,2023,0,8.9,Sổ hồng,12.59,2.5,Hẻm cụt,6.1,0,102.0
93,Nhà Bè,2,3,1,1,Tây Bắc,2006,0,17.3,Sổ đỏ,4.89,2.0,Hẻm thông,8.7,0,39.0
102,Quận 3,14,1,1,1,Bắc,1997,0,-0.4,Giấy tờ tay,27.77,3.0,Hẻm thông,8.5,0,100.0
101,Tân Bình,11,4,1,2,Đông,2019,0,11.2,Sổ hồng,14.96,2.0,Hẻm cụt,10.9,0,30.0
39,Tân Phú,2,3,2,2,Tây,2013,0,10.0,Sổ hồng,4.51,6.0,Hẻm cụt,13.0,1,83.0
80,Quận 3,Võ Thị Sáu,1,1,3,Nam,2010,0,6.3,Giấy tờ tay,19.6,2.5,Hẻm thông,15.9,0,179.0
45,Bình Chánh,6,3,2,1,Tây Bắc,2024,0,18.3,Đang chờ sổ,1.48,5.0,Hẻm thông,13.0,1,163.0
95,Quận 3,Phú Nhuận,1,1,3,Đông,2022,0,5.7,Sổ hồng,28.15,6.0,Hẻm cụt,11.5,1,152.0
78,Quận 1,Cầu Kho,4,1,1,Tây Bắc,2020,0,3.4,Sổ hồng,27.75,2.0,Hẻm thông,11.4,0,80.0
107,Quận 7,Tân Kiểng,3,3,2,Tây Bắc,1997,0,3.9,Sổ hồng,25.77,3.5,Hẻm thông,11.9,1,26.0
72,Quận 1,Cầu Kho,3,1,1,Nam,1998,0,2.6,Sổ hồng,35.25,6.0,Hẻm cụt,15.2,1,114.0
96,Thủ Đức,Trường Thọ,2,2,3,Tây,2011,0,5.0,Sổ hồng,14.91,5.0,Hẻm thông,6.6,1,99.0
82,Quận 5,4,4,2,2,Tây Bắc,2018,0,7.0,Sổ hồng,9.16,2.0,Hẻm thông,12.2,0,15.0
68,Thủ Đức,Bình Chiểu,3,3,3,Đông Tây,2017,0,14.0,Giấy tờ tay,11.04,5.0,Hẻm thông,10.8,1,69.0
101,Quận 10,1,4,2,2,Đông Bắc,1999,0,9.4,Sổ hồng,23.36,2.5,Hẻm thông,12.3,0,107.0
70,Gò Vấp,11,4,2,1,Nam,1996,0,10.3,Sổ hồng,10.16,4.0,Hẻm thông,7.7,1,12.0
54,Quận 3,14,3,1,3,Đông Tây,2025,0,3.9,Sổ đỏ,18.09,3.0,Hẻm thông,7.6,0,172.0
52,Quận 4,Bình Thuận,1,1,2,Đông Bắc,2019,0,0.7,Sổ đỏ,9.29,2.5,Hẻm cụt,7.2,0,49.0
100,Bình Thạnh,14,3,1,3,Tây Bắc,2022,0,9.4,Giấy tờ tay,13.19,3.5,Hẻm thông,7.5,1,163.0
32,Bình Thạnh,2,3,3,3,Đông Nam,2015,0,3.1,Sổ hồng,4.89,6.0,Hẻm thông,8.7,1,134.0
35,Nhà Bè,7,2,1,1,Đông Bắc,2007,0,11.2,Đang chờ sổ,2.08,4.0,Hẻm thông,6.1,1,11.0
29,Tân Phú,7,3,1,2,Đông Bắc,1997,0,4.0,Sổ hồng,3.05,6.0,Hẻm cụt,11.3,1,87.0
50,Quận 3,10,3,1,2,Tây,2012,0,2.9,Sổ đỏ,16.61,3.5,Hẻm thông,7.2,1,176.0
81,Quận 1,Cầu Ông Lãnh,1,1,3,Đông,2015,0,-0.5,Đang chờ sổ,25.43,4.0,Hẻm thông,8.7,1,107.0
94,Quận 3,13,3,2,3,Tây Bắc,2014,0,2.6,Giấy tờ tay,26.11,2.5,Hẻm thông,11.0,0,32.0
67,Thủ Đức,Linh Trung,4,2,3,Tây Bắc,2008,0,12.7,Sổ hồng,8.27,5.0,Hẻm thông,12.8,1,55.0
34,Tân Bình,7,2,2,1,Nam,1999,0,10.9,Đang chờ sổ,5.64,4.0,Hẻm cụt,7.4,1,29.0
106,Thủ Đức,Tam Phú,1,1,1,Tây Bắc,2025,0,10.8,Đang chờ sổ,14.41,3.0,Hẻm thông,13.5,0,152.0
59,Quận 10,6,3,3,2,Đông Tây,2007,0,5.6,Sổ hồng,10.52,4.0,Hẻm thông,15.7,1,65.0
52,Phú Nhuận,5,4,3,1,Tây,1997,0,1.1,Sổ hồng,8.98,2.5,Hẻm cụt,15.1,0,155.0
69,Quận 12,4,4,3,1,Tây Nam,2023,0,8.6,Sổ hồng,2.9,3.0,Hẻm thông,10.9,0,197.0
27,Phú Nhuận,10,4,1,2,Đông Nam,1997,0,2.8,Sổ hồng,4.6,3.5,Hẻm thông,14.4,1,163.0
41,Bình Chánh,1,4,1,2,Đông,2005,0,18.1,Giấy tờ tay,1.09,2.5,Hẻm thông,9.3,0,163.0
105,Quận 1,Đa Kao,4,3,2,Tây Nam,1998,0,-0.6,Sổ hồng,40.66,5.0,Hẻm cụt,15.2,1,107.0
55,Quận 10,13,4,1,1,Đông,1998,0,7.6,Sổ hồng,10.15,4.0,Hẻm thông,11.3,1,93.0
118,Quận 12,3,3,2,2,Tây Nam,2016,0,6.3,Đang chờ sổ,7.13,6.0,Hẻm thông,11.6,1,113.0
34,Thủ Đức,Linh Đông,4,2,3,Tây Bắc,2000,0,11.3,Sổ hồng,5.82,6.0,Hẻm thông,7.5,1,166.0
116,Quận 1,Nguyễn Cư Trinh,3,3,2,Tây Nam,2010,0,2.4,Sổ hồng,58.65,6.0,Hẻm thông,6.3,1,18.0
35,Quận 1,Bến Thành,1,1,2,Tây,2024,0,5.8,Đang chờ sổ,15.8,3.5,Hẻm cụt,13.2,1,127.0
71,Bình Tân,7,2,2,1,Đông,2017,0,12.6,Đang chờ sổ,6.33,6.0,Hẻm cụt,11.3,1,188.0
84,Bình Thạnh,17,3,1,3,Đông,2020,0,9.0,Sổ đỏ,12.72,2.0,Hẻm cụt,9.5,0,127.0
41,Quận 3,Phú Nhuận,1,1,1,Tây,2020,0,5.9,Sổ đỏ,17.05,3.5,Hẻm cụt,6.4,1,36.0
95,Thủ Đức,Linh Đông,1,1,3,Đông,2024,0,8.2,Sổ hồng,12.53,3.5,Hẻm thông,10.3,1,38.0
102,Quận 1,Nguyễn Cư Trinh,4,2,3,Tây Bắc,2016,0,6.5,Giấy tờ tay,46.69,3.0,Hẻm thông,12.3,0,36.0
30,Phú Nhuận,2,4,1,2,Tây Nam,2021,0,1.4,Đang chờ sổ,4.8,5.0,Hẻm cụt,9.5,1,161.0
99,Quận 3,13,2,1,1,Tây Nam,1999,0,4.4,Giấy tờ tay,31.41,3.5,Hẻm thông,6.9,1,158.0
98,Nhà Bè,9,2,1,2,Đông Bắc,2014,0,15.2,Sổ đỏ,4.82,3.0,Hẻm thông,10.3,0,98.0
112,Bình Tân,2,2,1,3,Tây Bắc,2019,0,5.2,Sổ hồng,15.82,6.0,Hẻm thông,10.9,1,75.0
47,Quận 3,Phú Nhuận,4,1,2,Đông Tây,1997,0,6.3,Sổ đỏ,17.3,3.0,Hẻm thông,14.5,0,139.0
113,Thủ Đức,Linh Chiểu,1,1,3,Đông Nam,1999,0,10.4,Sổ hồng,14.97,3.5,Hẻm thông,9.9,1,116.0
94,Quận 10,5,1,1,2,Bắc,2006,0,10.8,Giấy tờ tay,20.79,2.5,Hẻm cụt,10.4,0,184.0
104,Tân Phú,13,3,3,2,Đông Bắc,2012,0,10.1,Sổ hồng,7.51,2.0,Hẻm cụt,11.1,0,77.0
101,Gò Vấp,8,2,1,1,Đông Bắc,2005,0,5.3,Sổ hồng,11.73,5.0,Hẻm cụt,13.5,1,192.0
84,Quận 1,Cầu Kho,3,3,1,Đông,2001,0,1.6,Sổ đỏ,31.08,3.5,Hẻm thông,14.4,1,85.0
119,Quận 1,Đa Kao,1,1,2,Đông Nam,2005,0,-1.9,Giấy tờ tay,47.17,2.5,Hẻm cụt,7.5,0,117.0
40,Thủ Đức,Bình Chiểu,3,3,1,Đông,2002,0,14.8,Giấy tờ tay,4.2,3.0,Hẻm thông,13.9,0,181.0
114,Quận 4,Tân Thuận Tây,3,1,1,Bắc,2020,0,1.1,Sổ đỏ,12.55,2.5,Hẻm thông,6.5,0,38.0
95,Quận 3,9,2,1,1,Bắc,2003,0,6.9,Giấy tờ tay,24.49,3.5,Hẻm cụt,8.8,1,10.0
79,Nhà Bè,2,3,3,3,Tây Bắc,2015,0,12.1,Đang chờ sổ,5.22,5.0,Hẻm thông,7.1,1,114.0
106,Bình Thạnh,20,3,2,3,Tây Nam,2025,0,2.9,Sổ hồng,11.14,3.0,Hẻm cụt,15.9,0,60.0
75,Bình Tân,8,2,2,2,Đông,2012,0,13.1,Sổ đỏ,5.2,2.0,Hẻm thông,8.1,0,56.0
50,Thủ Đức,Linh Tây,1,1,2,Tây Bắc,2011,0,9.8,Đang chờ sổ,4.46,2.5,Hẻm thông,13.9,0,60.0
67,Thủ Đức,Linh Đông,2,1,3,Tây Bắc,1999,0,5.1,Sổ hồng,8.16,2.5,Hẻm thông,6.6,0,82.0
74,Thủ Đức,Hiệp Bình Chánh,1,1,2,Đông,2017,0,7.4,Sổ hồng,6.3,3.0,Hẻm thông,10.0,0,109.0
47,Quận 5,6,4,3,1,Nam,2000,0,9.5,Sổ hồng,7.44,2.5,Hẻm thông,13.5,0,135.0
40,Thủ Đức,Linh Chiểu,1,1,2,Đông Tây,1998,0,14.2,Sổ hồng,6.76,5.0,Hẻm cụt,11.4,1,39.0
109,Bình Thạnh,11,2,2,1,Đông Bắc,1998,0,9.8,Giấy tờ tay,23.32,5.0,Hẻm cụt,14.4,1,16.0
51,Quận 7,Phú Thuận,2,1,3,Tây Bắc,2025,0,7.7,Giấy tờ tay,12.2,3.5,Hẻm thông,14.7,1,133.0
60,Quận 7,Tân Mỹ,4,2,3,Tây Nam,2002,0,9.8,Sổ hồng,10.62,2.0,Hẻm thông,11.5,0,16.0
83,Quận 1,Bến Nghé,3,3,1,Tây Nam,2021,0,6.1,Giấy tờ tay,25.74,4.0,Hẻm cụt,11.2,1,102.0
75,Phú Nhuận,7,3,2,1,Đông,2011,0,6.5,Giấy tờ tay,15.11,2.5,Hẻm thông,11.0,0,85.0
77,Quận 5,7,2,2,3,Đông Nam,2018,0,5.3,Sổ hồng,12.81,6.0,Hẻm cụt,7.4,1,158.0
58,Nhà Bè,1,2,1,3,Tây,2017,0,13.2,Sổ hồng,2.09,2.0,Hẻm cụt,6.6,0,193.0
59,Nhà Bè,8,3,2,2,Tây Bắc,2005,0,8.3,Sổ đỏ,3.99,5.0,Hẻm thông,8.2,1,83.0
94,Bình Thạnh,6,4,3,2,Đông Tây,2005,0,9.7,Sổ hồng,17.69,3.5,Hẻm thông,15.6,1,150.0
78,Thủ Đức,Linh Trung,1,1,2,Tây Bắc,2005,0,6.3,Đang chờ sổ,11.17,2.5,Hẻm thông,6.3,0,69.0
62,Quận 1,Tân Định,4,3,3,Tây Nam,2013,0,1.3,Sổ đỏ,26.45,2.5,Hẻm thông,13.6,0,62.0
97,Gò Vấp,12,1,1,1,Bắc,2003,0,10.8,Giấy tờ tay,10.45,4.0,Hẻm thông,13.9,1,52.0
49,Bình Chánh,6,3,3,2,Nam,2018,0,11.2,Sổ hồng,2.21,4.0,Hẻm thông,10.5,1,63.0
76,Bình Chánh,1,1,1,1,Đông Tây,2013,0,12.4,Sổ đỏ,2.2,2.0,Hẻm thông,12.9,0,169.0
118,Quận 1,Tân Định,1,1,2,Tây Bắc,1996,0,0.6,Giấy tờ tay,61.13,5.0,Hẻm thông,14.3,1,69.0
114,Thủ Đức,Linh Trung,4,3,1,Nam,1997,0,11.8,Giấy tờ tay,13.1,3.0,Hẻm thông,14.7,0,184.0
85,Quận 1,Đa Kao,4,1,3,Đông Bắc,2014,0,-1.6,Giấy tờ tay,31.43,4.0,Hẻm thông,14.5,1,158.0
81,Bình Chánh,10,4,2,2,Đông Nam,2025,0,13.7,Đang chờ sổ,2.6,3.0,Hẻm thông,14.8,0,179.0
110,Tân Phú,5,3,1,2,Đông Bắc,2011,0,4.0,Sổ đỏ,13.41,6.0,Hẻm cụt,10.6,1,46.0
39,Quận 1,Bến Nghé,3,2,3,Bắc,2007,0,6.8,Sổ hồng,19.42,3.5,Hẻm thông,6.6,1,148.0
83,Nhà Bè,6,3,1,1,Đông Nam,2002,0,14.8,Sổ đỏ,3.92,2.0,Hẻm thông,10.2,0,76.0
92,Tân Phú,11,2,2,3,Tây,2004,0,11.6,Đang chờ sổ,9.8,2.5,Hẻm cụt,7.1,0,65.0
30,Phú Nhuận,6,1,1,3,Đông Tây,2024,0,3.3,Giấy tờ tay,4.82,2.0,Hẻm thông,13.1,0,128.0
77,Bình Chánh,1,4,3,3,Đông Nam,2012,0,19.5,Sổ hồng,2.85,4.0,Hẻm thông,15.2,1,90.0
83,Quận 1,Nguyễn Cư Trinh,2,2,3,Tây Bắc,2014,0,-1.6,Giấy tờ tay,29.87,3.5,Hẻm cụt,8.4,1,75.0
112,Tân Phú,9,1,1,1,Tây,2023,0,10.8,Đang chờ sổ,11.44,2.5,Hẻm thông,15.2,0,29.0
84,Quận 3,13,3,2,2,Tây Nam,2009,0,0.8,Sổ hồng,26.55,3.0,Hẻm thông,15.5,0,157.0
91,Gò Vấp,10,2,1,1,Bắc,2012,0,11.7,Sổ hồng,13.18,2.0,Hẻm thông,10.2,0,151.0
70,Quận 1,Cầu Kho,3,3,1,Đông,1998,0,-1.0,Sổ hồng,27.56,6.0,Hẻm thông,10.5,1,184.0
42,Thủ Đức,Hiệp Bình Chánh,4,1,2,Nam,2014,0,8.0,Sổ hồng,5.2,4.0,Hẻm thông,8.7,1,70.0
46,Quận 4,Tân Hưng,2,2,3,Đông Tây,2018,0,3.0,Đang chờ sổ,6.31,4.0,Hẻm thông,12.9,1,20.0
44,Tân Phú,5,4,2,1,Tây,2017,0,12.3,Sổ đỏ,4.33,6.0,Hẻm thông,15.6,1,63.0
96,Phú Nhuận,15,1,1,2,Đông Tây,2023,0,5.5,Đang chờ sổ,22.83,6.0,Hẻm cụt,13.9,1,126.0
112,Quận 3,10,1,1,2,Tây Nam,2023,0,2.9,Giấy tờ tay,30.79,2.5,Hẻm thông,10.4,0,177.0
41,Thủ Đức,Linh Trung,1,1,3,Đông Nam,2011,0,7.4,Đang chờ sổ,4.37,2.5,Hẻm thông,13.6,0,131.0
73,Quận 3,10,4,3,3,Tây Bắc,2016,0,7.9,Đang chờ sổ,20.52,3.0,Hẻm thông,12.5,0,79.0
90,Quận 3,13,1,1,1,Tây Nam,1995,0,0.3,Sổ đỏ,21.87,2.5,Hẻm thông,7.4,0,57.0
97,Quận 5,7,3,1,2,Tây Bắc,2006,0,4.2,Sổ hồng,12.32,2.5,Hẻm thông,15.5,0,41.0
104,Bình Chánh,1,2,2,2,Tây Bắc,1996,0,15.9,Sổ đỏ,3.48,5.0,Hẻm thông,10.4,1,150.0
70,Quận 1,Nguyễn Thái Bình,4,3,1,Đông Nam,2023,0,2.6,Sổ hồng,21.06,3.0,Hẻm thông,9.4,0,78.0
99,Tân Phú,8,1,1,1,Đông Bắc,2003,0,10.2,Sổ hồng,10.12,6.0,Hẻm thông,14.3,1,79.0
31,Bình Thạnh,15,2,1,1,Tây Nam,2001,0,3.5,Đang chờ sổ,4.92,3.5,Hẻm thông,7.3,1,48.0
106,Quận 1,Cầu Kho,3,3,2,Bắc,2005,0,4.0,Giấy tờ tay,42.92,5.0,Hẻm thông,12.1,1,24.0
67,Quận 5,12,3,1,2,Đông Bắc,2000,0,2.8,Sổ đỏ,10.42,3.0,Hẻm thông,8.6,0,138.0
54,Quận 3,14,2,2,2,Nam,2004,0,4.2,Đang chờ sổ,20.96,5.0,Hẻm thông,15.3,1,87.0
54,Phú Nhuận,2,3,1,3,Đông Nam,2021,0,10.1,Giấy tờ tay,7.59,2.5,Hẻm cụt,10.5,0,59.0
102,Tân Bình,3,4,1,1,Đông,2004,0,6.6,Sổ hồng,18.8,2.0,Hẻm thông,7.1,0,30.0
46,Quận 3,12,2,1,3,Tây Bắc,2019,0,5.2,Sổ đỏ,15.34,3.5,Hẻm cụt,6.3,1,40.0
109,Quận 1,Nguyễn Cư Trinh,2,2,3,Tây Bắc,2015,0,3.1,Đang chờ sổ,58.55,6.0,Hẻm cụt,9.6,1,135.0
46,Thủ Đức,Linh Tây,1,1,3,Bắc,2007,0,11.8,Sổ đỏ,4.32,3.0,Hẻm thông,13.0,0,57.0
63,Gò Vấp,11,1,1,2,Bắc,2007,0,7.5,Đang chờ sổ,9.82,6.0,Hẻm thông,7.8,1,154.0
103,Quận 5,8,3,2,2,Đông Bắc,2007,0,7.3,Sổ hồng,12.83,2.5,Hẻm cụt,8.4,0,91.0
90,Bình Tân,14,1,1,1,Tây Bắc,2018,0,10.0,Sổ hồng,13.13,5.0,Hẻm thông,14.2,1,186.0
46,Quận 1,Cầu Ông Lãnh,2,1,1,Đông,2016,0,7.8,Sổ hồng,16.1,4.0,Hẻm thông,14.4,1,48.0
37,Nhà Bè,2,2,2,2,Tây Bắc,2002,0,11.2,Sổ đỏ,1.92,4.0,Hẻm thông,15.3,1,137.0
86,Quận 5,9,2,2,2,Tây Bắc,2000,0,4.7,Sổ hồng,12.19,6.0,Hẻm thông,11.4,1,160.0
110,Quận 1,Bến Thành,4,1,2,Bắc,2009,0,2.8,Sổ đỏ,47.86,4.0,Hẻm thông,15.8,1,174.0
50,Quận 3,12,3,3,2,Tây Bắc,2005,0,7.8,Đang chờ sổ,15.16,3.5,Hẻm thông,9.8,1,154.0
36,Quận 1,Tân Định,4,2,3,Đông Bắc,1997,0,2.5,Sổ hồng,11.55,3.5,Hẻm cụt,7.9,1,89.0
94,Quận 4,Tân Thuận Đông,4,3,3,Đông,2023,0,2.4,Sổ hồng,14.05,2.5,Hẻm thông,6.4,0,11.0
110,Tân Bình,7,3,3,3,Đông Tây,2006,0,5.7,Sổ hồng,18.24,2.0,Hẻm thông,6.1,0,98.0
76,Quận 4,Bình Thuận,1,1,3,Tây,2023,0,3.1,Sổ đỏ,10.87,6.0,Hẻm thông,13.9,1,95.0
69,Thủ Đức,Hiệp Bình Phước,1,1,3,Đông,2022,0,14.4,Giấy tờ tay,9.06,3.5,Hẻm thông,13.7,1,106.0
102,Tân Phú,8,4,1,1,Đông Bắc,2014,0,12.4,Sổ đỏ,8.22,3.0,Hẻm thông,8.0,0,20.0
89,Quận 1,Nguyễn Cư Trinh,4,3,2,Đông,2006,0,1.0,Giấy tờ tay,31.3,4.0,Hẻm cụt,9.6,1,101.0
116,Tân Bình,12,2,2,2,Tây,2010,0,3.6,Sổ đỏ,19.98,3.5,Hẻm thông,13.0,1,182.0
32,Bình Thạnh,1,3,2,3,Đông Tây,2025,0,3.5,Sổ hồng,5.19,2.0,Hẻm cụt,12.3,0,174.0
58,Phú Nhuận,9,4,3,3,Bắc,2021,0,5.8,Giấy tờ tay,10.84,2.0,Hẻm thông,13.8,0,155.0
99,Bình Tân,15,4,2,2,Đông,2009,0,11.8,Sổ đỏ,8.21,2.5,Hẻm thông,12.9,0,141.0
58,Quận 12,11,4,3,2,Đông Bắc,2023,0,7.7,Giấy tờ tay,3.6,6.0,Hẻm thông,7.1,1,189.0
100,Phú Nhuận,9,3,2,2,Đông,2005,0,6.0,Sổ đỏ,23.74,6.0,Hẻm cụt,9.9,1,176.0
77,Quận 1,Cầu Ông Lãnh,3,1,3,Đông Tây,1996,0,4.8,Giấy tờ tay,42.95,5.0,Hẻm thông,9.6,1,55.0
89,Bình Thạnh,4,4,2,2,Tây Bắc,2023,0,1.3,Sổ đỏ,12.06,2.5,Hẻm thông,14.4,0,111.0
50,Phú Nhuận,5,3,3,1,Đông Bắc,2025,0,9.0,Giấy tờ tay,9.49,5.0,Hẻm thông,6.1,1,137.0
42,Quận 4,Tân Hưng,2,1,2,Đông Nam,2010,0,7.8,Giấy tờ tay,7.86,6.0,Hẻm cụt,10.7,1,111.0
42,Quận 4,Tân Hưng,1,1,3,Tây Bắc,2000,0,2.8,Sổ hồng,8.98,4.0,Hẻm thông,10.9,1,47.0
105,Bình Tân,2,2,2,3,Tây Bắc,1999,0,12.1,Sổ đỏ,13.75,3.5,Hẻm thông,6.3,1,132.0
83,Bình Thạnh,8,4,3,3,Tây Bắc,1996,0,4.6,Sổ hồng,12.04,3.5,Hẻm cụt,7.7,1,174.0
94,Bình Thạnh,9,2,2,3,Tây Bắc,2023,0,1.4,Sổ hồng,15.94,5.0,Hẻm thông,13.0,1,140.0
57,Quận 7,Phú Thuận,3,2,2,Tây Bắc,2004,0,12.1,Giấy tờ tay,10.68,2.0,Hẻm thông,8.4,0,159.0
61,Quận 5,7,1,1,2,Bắc,2004,0,4.4,Giấy tờ tay,7.75,4.0,Hẻm thông,12.3,1,190.0
44,Tân Bình,11,2,2,3,Đông Bắc,2021,0,11.7,Sổ hồng,5.04,3.0,Hẻm thông,8.9,0,137.0
30,Nhà Bè,7,2,1,1,Đông,2006,0,8.4,Sổ hồng,1.48,3.0,Hẻm thông,14.1,0,93.0
83,Bình Tân,3,4,1,2,Đông Bắc,1998,0,5.9,Giấy tờ tay,12.4,5.0,Hẻm thông,7.4,1,35.0
84,Quận 3,Phú Nhuận,4,3,3,Đông Bắc,2009,0,6.2,Sổ hồng,28.81,2.5,Hẻm cụt,13.8,0,132.0
115,Quận 1,Cầu Ông Lãnh,1,1,2,Tây Bắc,2006,0,4.9,Sổ đỏ,32.85,2.5,Hẻm thông,8.3,0,158.0
36,Bình Thạnh,17,1,1,2,Đông Bắc,2025,0,7.0,Sổ hồng,4.91,5.0,Hẻm cụt,14.8,1,166.0
58,Quận 3,12,2,2,1,Đông Bắc,2022,0,1.8,Đang chờ sổ,25.73,5.0,Hẻm cụt,8.2,1,66.0
29,Gò Vấp,4,2,1,3,Đông Tây,2019,0,7.4,Đang chờ sổ,3.47,2.0,Hẻm cụt,7.5,0,153.0
58,Quận 7,Tân Phong,2,2,3,Đông Nam,2000,0,8.3,Đang chờ sổ,9.23,4.0,Hẻm cụt,15.6,1,172.0
80,Quận 7,Tân Quy,3,3,2,Tây Bắc,2008,0,10.7,Sổ hồng,15.58,3.0,Hẻm thông,11.9,0,111.0
96,Bình Tân,2,2,1,1,Nam,2018,0,12.3,Đang chờ sổ,10.12,6.0,Hẻm thông,13.6,1,93.0
89,Gò Vấp,3,4,2,1,Tây Bắc,2016,0,5.5,Sổ đỏ,9.83,3.5,Hẻm cụt,13.2,1,189.0
111,Quận 5,6,4,1,1,Tây Bắc,2000,0,4.5,Giấy tờ tay,16.51,2.5,Hẻm cụt,10.6,0,111.0
36,Quận 3,13,4,2,2,Tây,2019,0,1.8,Giấy tờ tay,11.94,2.5,Hẻm thông,14.9,0,166.0
52,Bình Thạnh,12,1,1,1,Bắc,2013,0,7.0,Sổ đỏ,7.3,3.0,Hẻm cụt,8.8,0,90.0
92,Thủ Đức,Trường Thọ,1,1,3,Tây Bắc,2015,0,14.9,Sổ hồng,14.73,5.0,Hẻm thông,14.1,1,10.0
55,Quận 3,13,2,1,3,Đông,1997,0,7.7,Giấy tờ tay,19.39,2.0,Hẻm thông,10.2,0,30.0
66,Bình Chánh,2,4,2,1,Tây Nam,2014,0,18.8,Sổ đỏ,2.69,6.0,Hẻm thông,12.8,1,137.0
68,Bình Chánh,11,3,3,1,Đông Bắc,2002,0,14.6,Sổ hồng,1.82,2.5,Hẻm thông,7.9,0,61.0
101,Bình Thạnh,6,2,2,3,Đông Nam,2009,0,1.3,Sổ đỏ,18.56,4.0,Hẻm thông,10.6,1,127.0
54,Quận 10,11,2,2,3,Đông Tây,2001,0,2.8,Đang chờ sổ,14.0,6.0,Hẻm cụt,9.2,1,11.0
29,Quận 1,Bến Nghé,2,2,2,Tây Bắc,2006,0,5.3,Sổ đỏ,10.9,5.0,Hẻm thông,6.2,1,178.0
104,Quận 1,Nguyễn Cư Trinh,1,1,1,Đông Nam,2025,0,4.6,Sổ hồng,43.94,2.5,Hẻm cụt,12.0,0,58.0
88,Quận 3,12,3,2,1,Tây Nam,2010,0,-0.2,Sổ hồng,24.36,2.0,Hẻm thông,9.7,0,176.0
65,Quận 5,2,1,1,3,Đông Bắc,2020,0,5.0,Sổ hồng,8.38,5.0,Hẻm cụt,9.1,1,75.0
65,Quận 7,Tân Hưng,4,2,1,Đông Nam,2002,0,5.4,Đang chờ sổ,12.05,3.5,Hẻm cụt,15.2,1,173.0
45,Phú Nhuận,4,3,3,3,Đông Tây,2013,0,7.3,Sổ hồng,9.16,3.5,Hẻm thông,11.2,1,112.0
72,Bình Tân,7,2,2,2,Đông Nam,1995,0,6.6,Giấy tờ tay,6.49,2.5,Hẻm cụt,8.5,0,175.0
48,Bình Thạnh,3,3,1,2,Bắc,1997,0,8.0,Đang chờ sổ,9.92,4.0,Hẻm thông,13.7,1,13.0
53,Bình Thạnh,6,2,2,1,Đông Tây,2000,0,8.3,Giấy tờ tay,8.51,2.0,Hẻm thông,15.2,0,170.0
44,Quận 12,1,1,1,2,Tây Bắc,2014,0,7.5,Sổ hồng,2.57,3.5,Hẻm thông,15.9,1,95.0
35,Tân Phú,7,4,2,2,Đông Tây,2020,0,12.9,Đang chờ sổ,2.52,2.0,Hẻm thông,13.3,0,171.0
78,Thủ Đức,Bình Chiểu,1,1,3,Đông,2012,0,6.5,Sổ hồng,12.35,5.0,Hẻm thông,10.2,1,154.0
70,Tân Bình,11,2,1,2,Đông Nam,2024,0,9.9,Sổ hồng,13.78,5.0,Hẻm thông,12.6,1,157.0
57,Tân Phú,5,3,2,2,Nam,2006,0,10.1,Sổ hồng,6.91,4.0,Hẻm thông,7.8,1,10.0
51,Bình Tân,10,4,1,3,Tây,2002,0,12.3,Sổ đỏ,5.39,5.0,Hẻm thông,12.2,1,15.0
53,Bình Thạnh,14,4,1,1,Bắc,1997,0,9.7,Sổ đỏ,9.17,4.0,Hẻm thông,10.3,1,135.0
61,Bình Chánh,9,3,3,3,Tây Bắc,1997,0,15.3,Sổ hồng,1.65,2.5,Hẻm thông,8.9,0,41.0
98,Phú Nhuận,16,3,2,3,Tây Bắc,2013,0,4.8,Giấy tờ tay,19.22,2.5,Hẻm cụt,9.2,0,186.0
81,Gò Vấp,2,2,2,3,Đông,2022,0,11.9,Đang chờ sổ,10.51,3.0,Hẻm cụt,8.0,0,112.0
39,Phú Nhuận,15,3,2,3,Bắc,2009,0,7.6,Sổ hồng,6.72,3.5,Hẻm thông,12.3,1,191.0
28,Bình Thạnh,3,3,3,2,Tây Bắc,2008,0,10.9,Sổ hồng,4.4,2.5,Hẻm thông,13.9,0,50.0
76,Quận 1,Nguyễn Cư Trinh,1,1,3,Đông,2008,0,4.7,Giấy tờ tay,36.56,5.0,Hẻm cụt,9.8,1,187.0
102,Bình Tân,13,2,1,2,Tây,1995,0,13.9,Giấy tờ tay,12.02,3.0,Hẻm cụt,15.1,0,49.0
55,Thủ Đức,Trường Thọ,1,1,1,Tây Bắc,2006,0,5.6,Sổ hồng,6.11,4.0,Hẻm thông,15.0,1,18.0
100,Thủ Đức,Linh Trung,3,2,3,Tây Nam,2002,0,14.2,Sổ đỏ,10.09,4.0,Hẻm thông,15.3,1,74.0
66,Tân Phú,8,4,2,1,Nam,2009,0,4.9,Giấy tờ tay,5.91,2.0,Hẻm thông,14.6,0,154.0
62,Thủ Đức,Hiệp Bình Chánh,2,1,1,Tây,2020,0,12.4,Sổ hồng,6.73,4.0,Hẻm cụt,13.1,1,73.0
111,Thủ Đức,Hiệp Bình Phước,1,1,1,Đông Bắc,2004,0,13.4,Sổ hồng,13.22,2.5,Hẻm cụt,11.6,0,136.0
32,Quận 3,10,1,1,2,Đông Bắc,2019,0,7.3,Sổ đỏ,10.37,2.5,Hẻm cụt,9.8,0,197.0
35,Gò Vấp,1,2,2,3,Tây Bắc,2010,0,7.8,Đang chờ sổ,4.13,4.0,Hẻm cụt,7.7,1,169.0
78,Quận 3,9,1,1,1,Tây Nam,2017,0,0.5,Sổ hồng,22.69,2.5,Hẻm cụt,12.3,0,102.0
41,Quận 12,1,2,1,2,Bắc,2015,0,7.7,Giấy tờ tay,2.51,2.0,Hẻm thông,6.1,0,132.0
106,Quận 3,12,1,1,3,Tây Bắc,2012,0,4.1,Sổ hồng,39.37,5.0,Hẻm cụt,13.0,1,46.0
111,Bình Thạnh,6,3,2,3,Bắc,2001,0,8.7,Sổ hồng,14.15,2.0,Hẻm thông,15.0,0,29.0
59,Bình Tân,10,2,1,1,Tây Nam,2008,0,11.3,Đang chờ sổ,7.86,6.0,Hẻm thông,13.1,1,143.0
74,Quận 1,Cầu Ông Lãnh,3,2,2,Bắc,2013,0,-1.0,Sổ hồng,20.49,2.5,Hẻm thông,7.7,0,56.0
71,Nhà Bè,3,3,3,2,Tây,2017,0,8.3,Sổ đỏ,3.44,4.0,Hẻm thông,11.7,1,43.0
68,Quận 5,8,3,1,1,Nam,2007,0,7.9,Sổ đỏ,8.37,3.5,Hẻm cụt,11.4,1,199.0
82,Bình Thạnh,2,2,2,3,Đông Bắc,2024,0,4.3,Sổ đỏ,10.48,4.0,Hẻm thông,12.2,1,86.0
118,Bình Chánh,9,1,1,1,Bắc,2013,0,14.9,Sổ hồng,3.37,2.5,Hẻm cụt,8.2,0,45.0
44,Gò Vấp,1,4,3,1,Đông Nam,2021,0,5.4,Sổ đỏ,4.22,2.5,Hẻm thông,11.1,0,164.0
48,Bình Thạnh,5,1,1,2,Nam,2012,0,7.7,Sổ hồng,7.41,2.5,Hẻm thông,13.6,0,96.0
76,Bình Thạnh,12,1,1,3,Tây Nam,2017,0,1.1,Sổ hồng,16.56,3.5,Hẻm thông,11.7,1,13.0
46,Nhà Bè,9,4,2,1,Đông Bắc,2009,0,11.0,Giấy tờ tay,2.71,4.0,Hẻm thông,13.3,1,194.0
83,Quận 3,12,2,2,3,Đông Tây,2006,0,5.3,Sổ đỏ,24.98,3.0,Hẻm cụt,14.4,0,85.0
30,Phú Nhuận,14,2,2,2,Tây Bắc,2013,0,9.5,Đang chờ sổ,7.09,3.5,Hẻm cụt,15.3,1,103.0
39,Gò Vấp,5,4,1,1,Đông Nam,2018,0,8.0,Giấy tờ tay,6.44,5.0,Hẻm cụt,8.0,1,35.0
107,Bình Chánh,2,1,1,2,Tây,2012,0,18.7,Sổ đỏ,3.95,2.0,Hẻm cụt,11.2,0,18.0
66,Nhà Bè,8,1,1,2,Đông Nam,2001,0,16.8,Giấy tờ tay,3.99,4.0,Hẻm thông,14.6,1,136.0
116,Quận 3,13,1,1,2,Nam,2025,0,7.4,Sổ hồng,30.6,3.0,Hẻm thông,15.9,0,68.0
118,Bình Thạnh,4,3,3,3,Đông Tây,2009,0,7.9,Giấy tờ tay,14.6,4.0,Hẻm thông,11.5,1,80.0
112,Bình Chánh,1,2,2,1,Bắc,2024,0,19.4,Đang chờ sổ,3.27,2.0,Hẻm thông,9.8,0,36.0
34,Bình Thạnh,8,2,2,3,Nam,2004,0,2.2,Sổ hồng,5.85,5.0,Hẻm cụt,13.1,1,86.0
62,Quận 12,6,2,1,3,Đông,2001,0,11.3,Sổ hồng,3.91,3.0,Hẻm thông,11.7,0,40.0
108,Quận 12,6,2,2,1,Đông Nam,1998,0,13.5,Giấy tờ tay,7.26,3.5,Hẻm thông,7.7,1,160.0
60,Tân Phú,11,3,1,2,Đông Nam,2013,0,4.8,Giấy tờ tay,5.31,4.0,Hẻm cụt,11.1,1,20.0
55,Gò Vấp,2,1,1,1,Đông,2004,0,4.5,Sổ đỏ,6.41,5.0,Hẻm cụt,7.3,1,94.0
90,Bình Chánh,2,4,1,1,Tây,1995,0,19.0,Giấy tờ tay,3.21,3.0,Hẻm thông,7.5,0,186.0
65,Bình Thạnh,20,3,2,2,Bắc,2021,0,7.7,Giấy tờ tay,10.34,2.5,Hẻm thông,10.9,0,20.0
112,Tân Bình,13,3,3,2,Tây Bắc,2025,0,3.7,Đang chờ sổ,16.35,3.5,Hẻm thông,15.1,1,127.0
81,Quận 10,14,1,1,3,Tây Nam,2020,0,6.0,Sổ hồng,20.62,6.0,Hẻm thông,15.8,1,151.0
36,Quận 1,Đa Kao,4,2,3,Đông,1995,0,-1.2,Sổ đỏ,12.99,4.0,Hẻm thông,8.1,1,129.0
117,Tân Phú,11,2,1,2,Đông Tây,2013,0,13.5,Sổ đỏ,8.27,3.0,Hẻm thông,10.4,0,125.0
27,Phú Nhuận,1,3,1,1,Tây Nam,2007,0,3.4,Giấy tờ tay,4.88,3.0,Hẻm thông,8.8,0,67.0
91,Bình Thạnh,5,3,3,2,Đông Nam,1995,0,3.4,Giấy tờ tay,17.38,5.0,Hẻm thông,9.2,1,112.0
94,Quận 10,6,2,1,2,Đông Tây,2017,0,7.7,Sổ đỏ,15.0,2.0,Hẻm thông,15.9,0,140.0
110,Tân Bình,15,1,1,2,Tây Bắc,2014,0,4.3,Đang chờ sổ,19.42,4.0,Hẻm cụt,8.7,1,94.0
44,Nhà Bè,6,2,2,1,Đông Tây,2018,0,15.2,Sổ hồng,1.56,3.0,Hẻm thông,8.6,0,32.0
37,Quận 3,Phú Nhuận,2,1,3,Đông Bắc,2009,0,6.7,Sổ hồng,11.88,2.0,Hẻm thông,10.4,0,83.0
43,Quận 5,8,2,2,1,Tây,2013,0,6.9,Sổ hồng,7.67,5.0,Hẻm thông,9.7,1,122.0
44,Bình Chánh,6,4,1,2,Đông Tây,2021,0,14.8,Giấy tờ tay,2.0,6.0,Hẻm thông,14.5,1,164.0
115,Phú Nhuận,9,3,2,2,Bắc,2015,0,7.1,Sổ đỏ,22.5,6.0,Hẻm thông,9.5,1,90.0
103,Gò Vấp,14,4,1,1,Tây Bắc,2016,0,6.5,Đang chờ sổ,10.98,3.0,Hẻm thông,15.3,0,128.0
71,Quận 12,9,1,1,3,Tây Bắc,2000,0,14.4,Đang chờ sổ,4.41,5.0,Hẻm thông,7.7,1,14.0
78,Bình Thạnh,8,2,1,3,Đông Tây,2019,0,10.0,Sổ đỏ,16.9,3.5,Hẻm thông,15.0,1,39.0
43,Bình Chánh,4,1,1,3,Bắc,2021,0,18.4,Đang chờ sổ,1.63,6.0,Hẻm thông,12.2,1,84.0
74,Thủ Đức,Hiệp Bình Chánh,3,1,1,Đông Bắc,2016,0,8.6,Giấy tờ tay,12.43,6.0,Hẻm cụt,8.6,1,144.0
82,Quận 1,Nguyễn Thái Bình,1,1,3,Tây,2014,0,-0.8,Giấy tờ tay,34.62,3.5,Hẻm thông,15.6,1,89.0
106,Tân Phú,1,4,1,2,Tây Bắc,2004,0,11.3,Sổ đỏ,11.97,5.0,Hẻm thông,15.1,1,152.0
53,Quận 1,Tân Định,4,2,3,Tây Bắc,2006,0,0.5,Sổ hồng,13.9,2.5,Hẻm cụt,13.6,0,92.0
41,Thủ Đức,Linh Đông,1,1,2,Bắc,1998,0,10.8,Giấy tờ tay,6.87,6.0,Hẻm thông,9.3,1,180.0
50,Tân Bình,12,2,2,3,Đông,2010,0,7.2,Sổ hồng,8.95,2.5,Hẻm thông,7.5,0,76.0
46,Quận 3,12,4,3,1,Tây,2008,0,0.4,Sổ đỏ,14.52,5.0,Hẻm thông,13.5,1,109.0
119,Phú Nhuận,11,2,1,3,Tây,2007,0,2.7,Đang chờ sổ,22.59,3.5,Hẻm cụt,7.3,1,122.0
68,Gò Vấp,7,3,2,2,Đông Tây,2003,0,10.1,Sổ đỏ,8.14,3.5,Hẻm cụt,10.9,1,136.0
53,Bình Thạnh,16,4,1,1,Đông Tây,2021,0,4.9,Sổ hồng,9.92,2.0,Hẻm thông,15.9,0,173.0
51,Quận 1,Tân Định,2,1,1,Đông,1999,0,7.0,Sổ đỏ,19.97,5.0,Hẻm cụt,13.1,1,94.0
58,Thủ Đức,Hiệp Bình Phước,1,1,1,Đông Bắc,2019,0,10.4,Đang chờ sổ,7.87,2.0,Hẻm thông,15.4,0,130.0
102,Tân Phú,13,2,2,3,Đông Nam,2011,0,10.2,Sổ đỏ,10.65,3.5,Hẻm thông,10.1,1,22.0
85,Quận 4,Tân Thuận Đông,3,1,2,Tây Bắc,2001,0,3.8,Đang chờ sổ,14.44,3.5,Hẻm cụt,9.9,1,19.0
75,Phú Nhuận,5,2,1,2,Đông Bắc,2004,0,4.7,Sổ hồng,13.14,3.5,Hẻm cụt,9.6,1,26.0
95,Tân Bình,14,3,2,1,Đông,2000,0,6.5,Sổ hồng,16.21,3.5,Hẻm thông,13.3,1,131.0
59,Quận 3,10,3,2,1,Đông Bắc,2017,0,5.3,Đang chờ sổ,18.66,3.5,Hẻm thông,7.0,1,179.0
31,Quận 5,7,2,2,2,Tây,2021,0,6.1,Giấy tờ tay,3.15,4.0,Hẻm cụt,6.6,1,123.0
60,Bình Tân,11,4,3,3,Tây Bắc,2010,0,5.3,Sổ hồng,4.52,2.5,Hẻm thông,11.3,0,133.0
118,Quận 3,Phú Nhuận,4,3,1,Tây,2000,0,2.0,Sổ hồng,36.42,6.0,Hẻm cụt,9.3,1,43.0
42,Bình Chánh,5,3,1,2,Tây Nam,2012,0,14.0,Sổ hồng,1.69,5.0,Hẻm cụt,13.4,1,64.0
80,Quận 3,9,1,1,2,Nam,2011,0,8.5,Sổ hồng,21.2,2.5,Hẻm thông,7.0,0,23.0
42,Quận 7,Bình Thuận,1,1,1,Đông Tây,2015,0,3.1,Giấy tờ tay,9.13,6.0,Hẻm thông,11.9,1,142.0
109,Quận 3,14,2,2,2,Tây,2023,0,9.3,Giấy tờ tay,39.81,4.0,Hẻm thông,14.2,1,149.0
35,Quận 1,Cầu Ông Lãnh,4,3,3,Nam,2014,0,0.9,Sổ hồng,16.49,5.0,Hẻm thông,12.7,1,176.0
69,Nhà Bè,1,4,1,3,Nam,2007,0,12.1,Sổ hồng,4.65,6.0,Hẻm thông,13.0,1,76.0
32,Tân Bình,11,1,1,1,Đông,2018,0,10.1,Sổ đỏ,5.42,4.0,Hẻm thông,7.4,1,50.0
72,Quận 1,Nguyễn Thái Bình,2,2,1,Đông Nam,2023,0,3.8,Đang chờ sổ,25.92,2.5,Hẻm thông,7.6,0,118.0
38,Thủ Đức,Linh Tây,4,3,3,Tây Nam,2021,0,7.6,Sổ đỏ,5.42,3.5,Hẻm cụt,6.4,1,81.0
34,Quận 1,Nguyễn Cư Trinh,4,3,2,Tây Bắc,2004,0,0.2,Sổ đỏ,11.42,2.0,Hẻm thông,7.6,0,97.0
112,Quận 4,Tân Thuận Tây,4,3,2,Bắc,2007,0,6.3,Đang chờ sổ,15.89,6.0,Hẻm cụt,12.2,1,99.0
86,Quận 10,2,2,1,2,Đông Bắc,2025,0,3.6,Sổ đỏ,18.44,6.0,Hẻm cụt,11.5,1,188.0
71,Bình Thạnh,13,3,1,1,Tây Bắc,2021,0,4.7,Sổ đỏ,11.23,4.0,Hẻm thông,10.5,1,110.0
74,Bình Chánh,6,2,2,2,Tây Bắc,1995,0,11.9,Sổ hồng,2.25,2.5,Hẻm thông,9.3,0,117.0
27,Quận 10,2,2,2,1,Nam,1998,0,2.2,Giấy tờ tay,4.73,2.0,Hẻm thông,12.6,0,165.0
31,Gò Vấp,8,1,1,3,Đông Nam,2018,0,5.7,Giấy tờ tay,4.73,5.0,Hẻm thông,7.5,1,154.0
56,Tân Phú,7,2,2,1,Tây Bắc,2007,0,4.8,Sổ hồng,6.41,3.0,Hẻm thông,6.3,0,21.0
92,Tân Bình,13,1,1,1,Đông Tây,2019,0,6.1,Đang chờ sổ,13.98,3.5,Hẻm thông,10.1,1,173.0
39,Bình Thạnh,14,1,1,1,Tây,2005,0,10.4,Sổ đỏ,5.53,6.0,Hẻm thông,10.6,1,89.0
50,Quận 10,14,2,2,3,Đông Bắc,2007,0,1.7,Giấy tờ tay,9.43,3.0,Hẻm thông,7.6,0,175.0
61,Quận 5,1,4,1,2,Đông Tây,2002,0,3.1,Giấy tờ tay,8.48,4.0,Hẻm cụt,14.0,1,127.0
81,Quận 12,7,1,1,2,Nam,2009,0,15.6,Sổ đỏ,3.99,6.0,Hẻm thông,7.2,1,135.0
109,Bình Thạnh,20,4,3,1,Tây Bắc,2023,0,3.9,Sổ hồng,19.5,5.0,Hẻm thông,9.0,1,134.0
60,Quận 10,2,2,2,1,Đông Tây,2018,0,8.3,Sổ đỏ,9.72,2.5,Hẻm thông,10.7,0,185.0
76,Quận 5,12,3,3,1,Bắc,2000,0,9.4,Sổ hồng,10.76,5.0,Hẻm cụt,15.9,1,191.0
50,Quận 1,Nguyễn Thái Bình,1,1,2,Đông Nam,2006,0,5.9,Sổ hồng,22.68,6.0,Hẻm cụt,6.6,1,60.0
89,Quận 4,Bình Thuận,4,2,3,Đông Tây,2020,0,2.6,Sổ hồng,17.09,6.0,Hẻm thông,15.7,1,42.0
117,Tân Bình,3,1,1,3,Đông,2010,0,11.3,Sổ đỏ,17.79,2.5,Hẻm thông,9.0,0,147.0
107,Thủ Đức,Bình Chiểu,1,1,3,Tây,2025,0,5.3,Sổ hồng,16.28,5.0,Hẻm thông,9.0,1,78.0
27,Gò Vấp,9,4,3,1,Tây,1995,0,8.5,Sổ đỏ,4.22,4.0,Hẻm cụt,7.6,1,119.0
38,Tân Bình,10,1,1,3,Bắc,1998,0,7.7,Sổ đỏ,6.14,2.0,Hẻm cụt,12.4,0,11.0
50,Thủ Đức,Tam Phú,3,3,3,Tây Bắc,2009,0,10.4,Sổ đỏ,4.66,2.0,Hẻm thông,9.4,0,138.0
84,Bình Tân,5,2,1,1,Tây Bắc,2021,0,13.6,Sổ đỏ,12.13,6.0,Hẻm thông,7.7,1,190.0
61,Phú Nhuận,10,4,3,2,Đông,2024,0,7.3,Giấy tờ tay,10.41,3.5,Hẻm thông,13.5,1,28.0
57,Quận 7,Bình Thuận,4,2,3,Đông Nam,1995,0,7.9,Giấy tờ tay,9.05,3.5,Hẻm thông,9.5,1,10.0
54,Quận 12,12,3,2,1,Nam,2011,0,14.8,Sổ đỏ,2.39,2.0,Hẻm cụt,14.8,0,122.0
64,Thủ Đức,Linh Đông,1,1,2,Đông Bắc,2010,0,11.7,Sổ hồng,8.59,3.0,Hẻm thông,10.1,0,127.0
97,Thủ Đức,Linh Đông,2,2,2,Bắc,1998,0,11.9,Sổ hồng,12.27,3.5,Hẻm cụt,10.2,1,138.0
66,Tân Bình,7,1,1,1,Tây Bắc,2000,0,6.7,Giấy tờ tay,11.5,4.0,Hẻm thông,13.7,1,88.0
111,Bình Tân,9,3,3,1,Tây Bắc,2000,0,9.2,Sổ hồng,12.96,4.0,Hẻm thông,11.6,1,22.0
69,Tân Bình,1,4,3,2,Nam,1997,0,7.5,Sổ đỏ,10.2,2.5,Hẻm thông,12.1,0,182.0
77,Quận 4,Tân Thuận Đông,4,3,3,Tây Bắc,2015,0,5.5,Đang chờ sổ,11.79,2.0,Hẻm thông,15.7,0,98.0
111,Tân Phú,5,1,1,1,Tây,2018,0,6.3,Sổ đỏ,8.49,3.0,Hẻm thông,9.7,0,61.0
76,Quận 3,Phú Nhuận,2,1,3,Đông Tây,2003,0,2.0,Sổ đỏ,23.43,4.0,Hẻm thông,6.2,1,129.0
66,Bình Thạnh,19,4,2,2,Tây Bắc,1997,0,6.8,Đang chờ sổ,11.71,3.5,Hẻm thông,9.2,1,102.0
46,Bình Tân,5,3,1,1,Tây Nam,2018,0,5.7,Sổ hồng,5.62,3.5,Hẻm thông,9.2,1,152.0
64,Phú Nhuận,10,2,2,1,Bắc,2019,0,3.5,Giấy tờ tay,9.14,3.0,Hẻm cụt,6.7,0,125.0
83,Thủ Đức,Linh Chiểu,3,1,1,Đông Tây,2012,0,10.0,Đang chờ sổ,12.73,5.0,Hẻm thông,11.9,1,41.0
90,Bình Thạnh,5,3,2,3,Tây Nam,2019,0,2.9,Đang chờ sổ,13.51,4.0,Hẻm thông,6.3,1,93.0
117,Quận 1,Tân Định,3,1,1,Đông Tây,2001,0,3.2,Sổ hồng,46.9,6.0,Hẻm cụt,14.5,1,94.0
59,Quận 7,Tân Mỹ,1,1,3,Tây,2001,0,12.4,Đang chờ sổ,10.05,2.0,Hẻm thông,12.9,0,168.0
41,Nhà Bè,5,4,1,2,Tây Bắc,2019,0,9.9,Sổ hồng,2.27,4.0,Hẻm thông,10.9,1,180.0
86,Gò Vấp,1,4,1,1,Đông Nam,2002,0,12.0,Đang chờ sổ,9.18,3.5,Hẻm thông,14.5,1,126.0
59,Quận 12,2,2,2,2,Đông Tây,2023,0,10.8,Sổ đỏ,3.61,4.0,Hẻm cụt,10.1,1,46.0
94,Bình Thạnh,18,1,1,1,Tây Bắc,2013,0,6.3,Sổ đỏ,17.19,6.0,Hẻm thông,13.4,1,77.0
38,Quận 10,13,2,1,2,Nam,1995,0,7.3,Sổ hồng,8.93,4.0,Hẻm thông,12.1,1,108.0
73,Tân Phú,12,1,1,1,Tây Nam,1996,0,6.6,Đang chờ sổ,7.71,3.0,Hẻm cụt,7.8,0,21.0
51,Bình Chánh,9,1,1,2,Đông Tây,1996,0,11.9,Sổ đỏ,1.62,3.5,Hẻm cụt,8.5,1,131.0
69,Quận 5,9,3,2,3,Đông Tây,2022,0,3.4,Sổ hồng,12.86,4.0,Hẻm thông,13.2,1,46.0
62,Quận 3,14,2,1,2,Đông Nam,2008,0,1.7,Đang chờ sổ,20.42,2.0,Hẻm thông,7.5,0,11.0
34,Quận 12,6,3,1,3,Đông Tây,2018,0,13.4,Sổ đỏ,1.99,3.5,Hẻm thông,13.3,1,123.0
25,Quận 4,Phú Thuận,2,2,1,Đông Bắc,2007,0,8.6,Sổ đỏ,3.65,2.5,Hẻm cụt,15.7,0,19.0
38,Quận 12,6,2,1,1,Tây Nam,2001,0,6.8,Sổ hồng,2.22,3.5,Hẻm cụt,6.3,1,142.0
62,Quận 1,Nguyễn Cư Trinh,1,1,2,Tây Bắc,2021,0,1.8,Giấy tờ tay,29.91,4.0,Hẻm thông,7.3,1,48.0
47,Gò Vấp,10,2,2,2,Đông Bắc,2010,0,5.1,Sổ đỏ,6.14,3.0,Hẻm thông,7.5,0,127.0
